"variable","conditions","pulse","max_zscore","mean_z_score","max_value","mean_value","odorant","short_cond_names"
"1","DmOR7a_ORCO_Transgene_Gal4_GCaMP7f_F_F_3","pic_1",0.152811345488197,0.342475207523989,1.00014514968921,1.00285819949894,"water 1","DmOR7a_F_3"
"1","DmOR7a_ORCO_Transgene_Gal4_GCaMP7f_F_F_3","pic_2",0.837831602698763,0.00125433441762169,1.00479151845476,1.00039481430992,"water 1","DmOR7a_F_3"
"1","DmOR7a_ORCO_Transgene_Gal4_GCaMP7f_F_F_3","pic_3",0.884635247502273,0.0701353734536375,1.00510897912989,1.00025583605237,"water 1","DmOR7a_F_3"
"2","DmOR7a_ORCO_Transgene_Gal4_GCaMP7f_F_F_3","pic_1",0.279550395886029,0.231955974541481,1.00246682404857,1.00370801296444,"water 1","DmOR7a_F_3"
"2","DmOR7a_ORCO_Transgene_Gal4_GCaMP7f_F_F_3","pic_2",0.116751079019029,-0.226727072237107,1.00125840529187,0.996377896047086,"water 1","DmOR7a_F_3"
"2","DmOR7a_ORCO_Transgene_Gal4_GCaMP7f_F_F_3","pic_3",-0.387394221514133,-0.13214606044463,0.997516260367717,1.00023756313645,"water 1","DmOR7a_F_3"
"3","DmOR7a_ORCO_Transgene_Gal4_GCaMP7f_F_F_3","pic_1",0.243114301197584,0.384773309659838,1.00063275082458,1.00370831038037,"water 1","DmOR7a_F_3"
"3","DmOR7a_ORCO_Transgene_Gal4_GCaMP7f_F_F_3","pic_2",0.212085691357919,-0.177683033316278,1.0004168402029,0.997662654019899,"water 1","DmOR7a_F_3"
"3","DmOR7a_ORCO_Transgene_Gal4_GCaMP7f_F_F_3","pic_3",0.487905839037507,-0.0933782166452037,1.00233611727864,0.997930421476755,"water 1","DmOR7a_F_3"
"4","DmOR7a_ORCO_Transgene_Gal4_GCaMP7f_F_F_3","pic_1",0.93529692450412,0.36989775412992,1.01340753758859,1.00989372477625,"water 1","DmOR7a_F_3"
"4","DmOR7a_ORCO_Transgene_Gal4_GCaMP7f_F_F_3","pic_2",1.76184624142138,1.10426126480664,1.02464064609613,1.01425401108777,"water 1","DmOR7a_F_3"
"4","DmOR7a_ORCO_Transgene_Gal4_GCaMP7f_F_F_3","pic_3",-0.075386476530342,-1.29795311051531,0.999671979312478,0.982927835757184,"water 1","DmOR7a_F_3"
"5","DmOR7a_ORCO_Transgene_Gal4_GCaMP7f_F_F_3","pic_1",0.511947403492207,0.153942643918784,1.00182470609779,1.00112983456692,"water 1","DmOR7a_F_3"
"5","DmOR7a_ORCO_Transgene_Gal4_GCaMP7f_F_F_3","pic_2",0.175069698832685,-0.0955001222674768,0.998845206242142,0.995195914403006,"water 1","DmOR7a_F_3"
"5","DmOR7a_ORCO_Transgene_Gal4_GCaMP7f_F_F_3","pic_3",1.54881627674708,0.450849525136478,1.01099524666923,1.00146150414056,"water 1","DmOR7a_F_3"
"6","DmOR7a_ORCO_Transgene_Gal4_GCaMP7f_F_F_3","pic_1",0.166522498826011,0.343499146699893,0.999944012042221,1.00273419984476,"water 1","DmOR7a_F_3"
"6","DmOR7a_ORCO_Transgene_Gal4_GCaMP7f_F_F_3","pic_2",-0.380207084541261,-0.14158456276457,0.996214593536827,0.997657275432647,"water 1","DmOR7a_F_3"
"6","DmOR7a_ORCO_Transgene_Gal4_GCaMP7f_F_F_3","pic_3",0.0555135951597423,0.250508335872203,0.999186784571473,1.0007894461113,"water 1","DmOR7a_F_3"
"7","DmOR43a_ORCO_Transgene_Gal4_GCaMP7f_F_M_3","pic_1",0.276315379327863,0.281861011082228,1.00161909299392,1.00323514835929,"water 1","DmOR43a_M_3"
"7","DmOR43a_ORCO_Transgene_Gal4_GCaMP7f_F_M_3","pic_2",0.0357431131951367,-0.351285223783404,1.00000488872639,0.997066228518022,"water 1","DmOR43a_M_3"
"7","DmOR43a_ORCO_Transgene_Gal4_GCaMP7f_F_M_3","pic_3",-0.0714050652473031,0.208454608041887,0.999285940321903,1.00207838521656,"water 1","DmOR43a_M_3"
"8","DmOR43a_ORCO_Transgene_Gal4_GCaMP7f_F_M_3","pic_1",0.13272696414106,0.399416233034286,1.00017066046611,1.00299209908361,"water 1","DmOR43a_M_3"
"8","DmOR43a_ORCO_Transgene_Gal4_GCaMP7f_F_M_3","pic_2",0.402422931843196,-0.186725185801841,1.00200693114933,0.998050542894342,"water 1","DmOR43a_M_3"
"8","DmOR43a_ORCO_Transgene_Gal4_GCaMP7f_F_M_3","pic_3",-0.386119521763168,-0.15755299577267,0.996638006273036,0.997920711462864,"water 1","DmOR43a_M_3"
"9","DmOR43a_ORCO_Transgene_Gal4_GCaMP7f_F_M_3","pic_1",0.434726508900776,0.488698705033025,1.00216186658425,1.00405283800212,"water 1","DmOR43a_M_3"
"9","DmOR43a_ORCO_Transgene_Gal4_GCaMP7f_F_M_3","pic_2",0.0800564873086845,-0.371990298867526,0.999708261808281,0.996064394774619,"water 1","DmOR43a_M_3"
"9","DmOR43a_ORCO_Transgene_Gal4_GCaMP7f_F_M_3","pic_3",-0.26341079610009,0.0350893937536691,0.997332157498199,0.999746585019377,"water 1","DmOR43a_M_3"
"10","DmOR43a_ORCO_Transgene_Gal4_GCaMP7f_F_M_3","pic_1",0.40984642793436,0.373303843159591,1.00303948431285,1.00421812741489,"water 1","DmOR43a_M_3"
"10","DmOR43a_ORCO_Transgene_Gal4_GCaMP7f_F_M_3","pic_2",-0.158612445472923,-0.593383842771963,0.998179833389034,0.995003431563389,"water 1","DmOR43a_M_3"
"10","DmOR43a_ORCO_Transgene_Gal4_GCaMP7f_F_M_3","pic_3",0.515364923444966,-0.0124323963608208,1.00394154262908,0.999276285272595,"water 1","DmOR43a_M_3"
"11","DmOR43a_ORCO_Transgene_Gal4_GCaMP7f_F_M_3","pic_1",0.252332490695251,0.361894230701785,1.00166588260046,1.00455361963532,"water 1","DmOR43a_M_3"
"11","DmOR43a_ORCO_Transgene_Gal4_GCaMP7f_F_M_3","pic_2",0.0220081810846342,-0.169986642417729,1.00007140230383,0.998910434123093,"water 1","DmOR43a_M_3"
"11","DmOR43a_ORCO_Transgene_Gal4_GCaMP7f_F_M_3","pic_3",-0.52531403900186,-0.197846009437336,0.99628242103082,0.998114552843091,"water 1","DmOR43a_M_3"
"12","DmOR43a_ORCO_Transgene_Gal4_GCaMP7f_F_M_3","pic_1",0.281401635815934,0.314419150434407,1.00225897053699,1.00374623883747,"water 1","DmOR43a_M_3"
"12","DmOR43a_ORCO_Transgene_Gal4_GCaMP7f_F_M_3","pic_2",0.0211064778558029,-0.404006824423898,1.0005043412708,0.997994969444905,"water 1","DmOR43a_M_3"
"12","DmOR43a_ORCO_Transgene_Gal4_GCaMP7f_F_M_3","pic_3",-0.283814084556746,-0.0448860446797413,0.998448895649511,1.00030434914481,"water 1","DmOR43a_M_3"
"13","DmOR43b_ORCO_Transgene_Gal4_GCaMP7f_F_M_3","pic_1",0.138677406218799,0.320907493969152,1.00050168284405,1.00273764838565,"water 1","DmOR43b_M_3"
"13","DmOR43b_ORCO_Transgene_Gal4_GCaMP7f_F_M_3","pic_2",-0.626572884631012,-0.196107548747179,0.99536061328249,0.999126843810965,"water 1","DmOR43b_M_3"
"13","DmOR43b_ORCO_Transgene_Gal4_GCaMP7f_F_M_3","pic_3",-0.2078092946093,-0.0968259405330877,0.998173931711628,0.998545576832766,"water 1","DmOR43b_M_3"
"14","DmOR43b_ORCO_Transgene_Gal4_GCaMP7f_F_M_3","pic_1",0.202059735380109,0.282093596839657,1.00121703505168,1.00310387828159,"water 1","DmOR43b_M_3"
"14","DmOR43b_ORCO_Transgene_Gal4_GCaMP7f_F_M_3","pic_2",0.235695738094185,-0.34083518422078,1.00144901557302,0.997474999292079,"water 1","DmOR43b_M_3"
"14","DmOR43b_ORCO_Transgene_Gal4_GCaMP7f_F_M_3","pic_3",0.423418585149484,0.0881768666698491,1.00274370104142,1.00014425700076,"water 1","DmOR43b_M_3"
"15","DmOR43b_ORCO_Transgene_Gal4_GCaMP7f_F_M_3","pic_1",0.0406927823840313,0.287893168438748,0.999994031675902,1.00258936818034,"water 1","DmOR43b_M_3"
"15","DmOR43b_ORCO_Transgene_Gal4_GCaMP7f_F_M_3","pic_2",-0.417561842761517,-0.209101146677162,0.996858770695997,0.998678631953949,"water 1","DmOR43b_M_3"
"15","DmOR43b_ORCO_Transgene_Gal4_GCaMP7f_F_M_3","pic_3",0.512010598393434,-0.019338781121232,1.00321866766773,0.999652038160883,"water 1","DmOR43b_M_3"
"16","DmOR43b_ORCO_Transgene_Gal4_GCaMP7f_F_M_3","pic_1",0.168541099686018,0.232238145437295,1.00080561516406,1.00277057683869,"water 1","DmOR43b_M_3"
"16","DmOR43b_ORCO_Transgene_Gal4_GCaMP7f_F_M_3","pic_2",0.409569854980338,-0.257593273725988,1.00259026738817,0.997776655462672,"water 1","DmOR43b_M_3"
"16","DmOR43b_ORCO_Transgene_Gal4_GCaMP7f_F_M_3","pic_3",0.548078915823054,0.214477498107158,1.00361583175782,1.00105144824425,"water 1","DmOR43b_M_3"
"17","DmOR43b_ORCO_Transgene_Gal4_GCaMP7f_F_M_3","pic_1",0.385277627842947,0.421574148863576,1.002742086073,1.0047431504213,"water 1","DmOR43b_M_3"
"17","DmOR43b_ORCO_Transgene_Gal4_GCaMP7f_F_M_3","pic_2",-0.348696984975006,-0.257089593234594,0.997818101147702,0.998584562197139,"water 1","DmOR43b_M_3"
"17","DmOR43b_ORCO_Transgene_Gal4_GCaMP7f_F_M_3","pic_3",0.454406769025558,-0.0525489725425776,1.0032058498642,0.999741627248313,"water 1","DmOR43b_M_3"
"18","DmOR43b_ORCO_Transgene_Gal4_GCaMP7f_F_M_3","pic_1",0.449018266705294,0.415010413938471,1.00282185616687,1.00433735663492,"water 1","DmOR43b_M_3"
"18","DmOR43b_ORCO_Transgene_Gal4_GCaMP7f_F_M_3","pic_2",0.389667903011743,-0.231513968670489,1.00241456855453,0.998325221351506,"water 1","DmOR43b_M_3"
"18","DmOR43b_ORCO_Transgene_Gal4_GCaMP7f_F_M_3","pic_3",0.502966868640798,0.0201461727073027,1.00319207457674,0.999931109538266,"water 1","DmOR43b_M_3"
"1","DmOR7a_ORCO_Transgene_Gal4_GCaMP7f_F_F_3","pic_1",3.26807094898736,1.28931248575849,1.05025938751958,1.03607828671276,"Octanal_e3","DmOR7a_F_3"
"1","DmOR7a_ORCO_Transgene_Gal4_GCaMP7f_F_F_3","pic_2",-0.975185991133415,-1.65380868781996,1.00076421220996,0.996017458232106,"Octanal_e3","DmOR7a_F_3"
"1","DmOR7a_ORCO_Transgene_Gal4_GCaMP7f_F_F_3","pic_3",-0.251942487623325,-0.854902410089974,1.00920043572952,1.0032857672956,"Octanal_e3","DmOR7a_F_3"
"2","DmOR7a_ORCO_Transgene_Gal4_GCaMP7f_F_F_3","pic_1",4.7579148439259,-0.137160140552643,1.06058445046362,1.02749646877622,"Octanal_e3","DmOR7a_F_3"
"2","DmOR7a_ORCO_Transgene_Gal4_GCaMP7f_F_F_3","pic_2",3.23770827021281,-0.390118347418164,1.04384928097655,1.0176917329558,"Octanal_e3","DmOR7a_F_3"
"2","DmOR7a_ORCO_Transgene_Gal4_GCaMP7f_F_F_3","pic_3",0.0353904017523746,-0.82774935105875,1.00859661649869,1.00206598616383,"Octanal_e3","DmOR7a_F_3"
"3","DmOR7a_ORCO_Transgene_Gal4_GCaMP7f_F_F_3","pic_1",4.68651291407271,0.581715250312136,1.0320786647168,1.0152303330825,"Octanal_e3","DmOR7a_F_3"
"3","DmOR7a_ORCO_Transgene_Gal4_GCaMP7f_F_F_3","pic_2",4.09166760362909,0.510741502585094,1.02802128872117,1.01034268209616,"Octanal_e3","DmOR7a_F_3"
"3","DmOR7a_ORCO_Transgene_Gal4_GCaMP7f_F_F_3","pic_3",2.61843522615407,0.103519616091802,1.01797252885132,1.00501796366704,"Octanal_e3","DmOR7a_F_3"
"4","DmOR7a_ORCO_Transgene_Gal4_GCaMP7f_F_F_3","pic_1",1.21592845722346,0.247760923538215,1.02379055518463,1.01155976823159,"Octanal_e3","DmOR7a_F_3"
"4","DmOR7a_ORCO_Transgene_Gal4_GCaMP7f_F_F_3","pic_2",1.7305438122658,0.876124233686867,1.03362388051868,1.02407976431683,"Octanal_e3","DmOR7a_F_3"
"4","DmOR7a_ORCO_Transgene_Gal4_GCaMP7f_F_F_3","pic_3",0.984286216634357,-0.113417927993781,1.019364310436,0.99038325721287,"Octanal_e3","DmOR7a_F_3"
"5","DmOR7a_ORCO_Transgene_Gal4_GCaMP7f_F_F_3","pic_1",4.69724763369397,1.02523220321238,1.03412316476297,1.01710311455738,"Octanal_e3","DmOR7a_F_3"
"5","DmOR7a_ORCO_Transgene_Gal4_GCaMP7f_F_F_3","pic_2",4.84087102087235,1.34287901819201,1.03518009614034,1.0167615910628,"Octanal_e3","DmOR7a_F_3"
"5","DmOR7a_ORCO_Transgene_Gal4_GCaMP7f_F_F_3","pic_3",4.47767116056536,1.42604112984821,1.03250729099242,1.01822868051091,"Octanal_e3","DmOR7a_F_3"
"6","DmOR7a_ORCO_Transgene_Gal4_GCaMP7f_F_F_3","pic_1",4.3835096286792,1.00387691815731,1.03089159212959,1.01689560301434,"Octanal_e3","DmOR7a_F_3"
"6","DmOR7a_ORCO_Transgene_Gal4_GCaMP7f_F_F_3","pic_2",4.07486482597564,0.911740386118495,1.02872676200064,1.01329387845789,"Octanal_e3","DmOR7a_F_3"
"6","DmOR7a_ORCO_Transgene_Gal4_GCaMP7f_F_F_3","pic_3",3.00004862005962,0.659749974232753,1.02118801686296,1.01028657693,"Octanal_e3","DmOR7a_F_3"
"7","DmOR43a_ORCO_Transgene_Gal4_GCaMP7f_F_M_3","pic_1",4.73475650278774,0.628231360011491,1.03189960302415,1.01460768019326,"Octanal_e3","DmOR43a_M_3"
"7","DmOR43a_ORCO_Transgene_Gal4_GCaMP7f_F_M_3","pic_2",4.07793043413731,0.760265569551647,1.02739808958447,1.01095065131699,"Octanal_e3","DmOR43a_M_3"
"7","DmOR43a_ORCO_Transgene_Gal4_GCaMP7f_F_M_3","pic_3",3.15458215791065,0.548189497355481,1.02106998405804,1.0082983649833,"Octanal_e3","DmOR43a_M_3"
"8","DmOR43a_ORCO_Transgene_Gal4_GCaMP7f_F_M_3","pic_1",4.44636667368568,0.74663732136936,1.02971589249124,1.01523934584136,"Octanal_e3","DmOR43a_M_3"
"8","DmOR43a_ORCO_Transgene_Gal4_GCaMP7f_F_M_3","pic_2",3.69564725509279,0.718252430713371,1.02471332701634,1.01064612879494,"Octanal_e3","DmOR43a_M_3"
"8","DmOR43a_ORCO_Transgene_Gal4_GCaMP7f_F_M_3","pic_3",2.88824336967189,0.608790284634824,1.01933303352522,1.00892489413203,"Octanal_e3","DmOR43a_M_3"
"9","DmOR43a_ORCO_Transgene_Gal4_GCaMP7f_F_M_3","pic_1",5.42943072717669,0.594465549921695,1.03644047556201,1.01590158930334,"Octanal_e3","DmOR43a_M_3"
"9","DmOR43a_ORCO_Transgene_Gal4_GCaMP7f_F_M_3","pic_2",4.73243487215746,0.50575712033665,1.03167722742374,1.0099195361099,"Octanal_e3","DmOR43a_M_3"
"9","DmOR43a_ORCO_Transgene_Gal4_GCaMP7f_F_M_3","pic_3",3.92722438363848,0.500468688542078,1.0261744438236,1.00781124104136,"Octanal_e3","DmOR43a_M_3"
"10","DmOR43a_ORCO_Transgene_Gal4_GCaMP7f_F_M_3","pic_1",6.4355613882282,0.810219954552318,1.04506037343263,1.01949901376119,"Octanal_e3","DmOR43a_M_3"
"10","DmOR43a_ORCO_Transgene_Gal4_GCaMP7f_F_M_3","pic_2",5.98381557333112,0.947557374283356,1.04186618972316,1.01469570852911,"Octanal_e3","DmOR43a_M_3"
"10","DmOR43a_ORCO_Transgene_Gal4_GCaMP7f_F_M_3","pic_3",4.35078173894896,0.522840386680902,1.03031940854937,1.00990614031866,"Octanal_e3","DmOR43a_M_3"
"11","DmOR43a_ORCO_Transgene_Gal4_GCaMP7f_F_M_3","pic_1",5.39344113291351,0.745400153620624,1.03605225559867,1.01668251277568,"Octanal_e3","DmOR43a_M_3"
"11","DmOR43a_ORCO_Transgene_Gal4_GCaMP7f_F_M_3","pic_2",4.96444468188665,0.801544854034799,1.03314616156824,1.01279194784744,"Octanal_e3","DmOR43a_M_3"
"11","DmOR43a_ORCO_Transgene_Gal4_GCaMP7f_F_M_3","pic_3",3.89963693946225,0.535523325090399,1.02593297503393,1.00853878415782,"Octanal_e3","DmOR43a_M_3"
"12","DmOR43a_ORCO_Transgene_Gal4_GCaMP7f_F_M_3","pic_1",5.34781106716322,0.806653184455983,1.03682192718112,1.01695384144302,"Octanal_e3","DmOR43a_M_3"
"12","DmOR43a_ORCO_Transgene_Gal4_GCaMP7f_F_M_3","pic_2",4.25313542189974,0.353318716062182,1.02930964603863,1.00899236908224,"Octanal_e3","DmOR43a_M_3"
"12","DmOR43a_ORCO_Transgene_Gal4_GCaMP7f_F_M_3","pic_3",4.3278159207276,0.462077787006644,1.02982214570507,1.00946358151738,"Octanal_e3","DmOR43a_M_3"
"13","DmOR43b_ORCO_Transgene_Gal4_GCaMP7f_F_M_3","pic_1",2.84600259656904,0.368874346761269,1.01993771526753,1.01041613448346,"Octanal_e3","DmOR43b_M_3"
"13","DmOR43b_ORCO_Transgene_Gal4_GCaMP7f_F_M_3","pic_2",2.42706712968351,0.459697404198063,1.01702740393866,1.00759535549351,"Octanal_e3","DmOR43b_M_3"
"13","DmOR43b_ORCO_Transgene_Gal4_GCaMP7f_F_M_3","pic_3",1.56843302812954,0.23639136373069,1.01106254120769,1.00485252753845,"Octanal_e3","DmOR43b_M_3"
"14","DmOR43b_ORCO_Transgene_Gal4_GCaMP7f_F_M_3","pic_1",2.73965783696048,0.395901557872198,1.01911087907021,1.01035805375437,"Octanal_e3","DmOR43b_M_3"
"14","DmOR43b_ORCO_Transgene_Gal4_GCaMP7f_F_M_3","pic_2",2.31517926319628,0.445812440442735,1.01617249195383,1.00718581126393,"Octanal_e3","DmOR43b_M_3"
"14","DmOR43b_ORCO_Transgene_Gal4_GCaMP7f_F_M_3","pic_3",1.49851861872527,0.252082287891153,1.0105192852563,1.00451973255313,"Octanal_e3","DmOR43b_M_3"
"15","DmOR43b_ORCO_Transgene_Gal4_GCaMP7f_F_M_3","pic_1",5.045351528771,0.838459857003707,1.0338111742019,1.01623151660189,"Octanal_e3","DmOR43b_M_3"
"15","DmOR43b_ORCO_Transgene_Gal4_GCaMP7f_F_M_3","pic_2",4.29736946839785,0.773897618860401,1.02864519385249,1.01121750096205,"Octanal_e3","DmOR43b_M_3"
"15","DmOR43b_ORCO_Transgene_Gal4_GCaMP7f_F_M_3","pic_3",3.00474741905319,0.221911835343765,1.01971762665551,1.00455272912169,"Octanal_e3","DmOR43b_M_3"
"16","DmOR43b_ORCO_Transgene_Gal4_GCaMP7f_F_M_3","pic_1",5.14820964558764,0.575760267094318,1.03637954782558,1.01575545020322,"Octanal_e3","DmOR43b_M_3"
"16","DmOR43b_ORCO_Transgene_Gal4_GCaMP7f_F_M_3","pic_2",4.95427926739325,0.828340013128749,1.03501247605159,1.01349321767857,"Octanal_e3","DmOR43b_M_3"
"16","DmOR43b_ORCO_Transgene_Gal4_GCaMP7f_F_M_3","pic_3",3.48995223334468,0.422745075994657,1.02469000788144,1.00807755854048,"Octanal_e3","DmOR43b_M_3"
"17","DmOR43b_ORCO_Transgene_Gal4_GCaMP7f_F_M_3","pic_1",5.33128587395117,0.754163469775778,1.03700142796492,1.01734659504982,"Octanal_e3","DmOR43b_M_3"
"17","DmOR43b_ORCO_Transgene_Gal4_GCaMP7f_F_M_3","pic_2",4.72735206972054,0.714364527531895,1.03284087589385,1.01330824603654,"Octanal_e3","DmOR43b_M_3"
"17","DmOR43b_ORCO_Transgene_Gal4_GCaMP7f_F_M_3","pic_3",3.40127451707964,0.291559676643771,1.02370541324979,1.00731143717289,"Octanal_e3","DmOR43b_M_3"
"18","DmOR43b_ORCO_Transgene_Gal4_GCaMP7f_F_M_3","pic_1",4.70090071255497,0.433768361611153,1.03308464953203,1.01440528269648,"Octanal_e3","DmOR43b_M_3"
"18","DmOR43b_ORCO_Transgene_Gal4_GCaMP7f_F_M_3","pic_2",4.56654076355427,0.615396588313854,1.0321502510252,1.01232428088261,"Octanal_e3","DmOR43b_M_3"
"18","DmOR43b_ORCO_Transgene_Gal4_GCaMP7f_F_M_3","pic_3",3.84343708888015,0.587317765679714,1.02712146827464,1.01040453003573,"Octanal_e3","DmOR43b_M_3"
"1","DmOR7a_ORCO_Transgene_Gal4_GCaMP7f_F_F_3","pic_1",0.57633920679709,0.232841329035253,1.00556229973602,1.00412846879232,"water 2","DmOR7a_F_3"
"1","DmOR7a_ORCO_Transgene_Gal4_GCaMP7f_F_F_3","pic_2",0.363160802275914,0.219315166073807,1.00394535325835,1.00492219323518,"water 2","DmOR7a_F_3"
"1","DmOR7a_ORCO_Transgene_Gal4_GCaMP7f_F_F_3","pic_3",0.0248290391161975,-0.237137712003231,1.00137912543638,0.999937869120252,"water 2","DmOR7a_F_3"
"2","DmOR7a_ORCO_Transgene_Gal4_GCaMP7f_F_F_3","pic_1",1.01293845073647,0.420063821390301,1.01096937347529,1.00869914274666,"water 2","DmOR7a_F_3"
"2","DmOR7a_ORCO_Transgene_Gal4_GCaMP7f_F_F_3","pic_2",0.521457164707438,-0.258376576219097,1.00749815923235,1.003834498071,"water 2","DmOR7a_F_3"
"2","DmOR7a_ORCO_Transgene_Gal4_GCaMP7f_F_F_3","pic_3",0.10306734643098,-0.307310507232508,1.00454317246564,1.00299937630962,"water 2","DmOR7a_F_3"
"3","DmOR7a_ORCO_Transgene_Gal4_GCaMP7f_F_F_3","pic_1",0.816738886041872,0.30712764784473,1.00680286028548,1.00466395041611,"water 2","DmOR7a_F_3"
"3","DmOR7a_ORCO_Transgene_Gal4_GCaMP7f_F_F_3","pic_2",0.749453624044938,0.0852637352370506,1.00634709175916,1.00350095409117,"water 2","DmOR7a_F_3"
"3","DmOR7a_ORCO_Transgene_Gal4_GCaMP7f_F_F_3","pic_3",-0.233643820456092,-0.396748218783301,0.99968790874936,0.998463522415835,"water 2","DmOR7a_F_3"
"4","DmOR7a_ORCO_Transgene_Gal4_GCaMP7f_F_F_3","pic_1",0.29276608729155,-0.789676106912027,1.00133932762387,0.977913690610802,"water 2","DmOR7a_F_3"
"4","DmOR7a_ORCO_Transgene_Gal4_GCaMP7f_F_F_3","pic_2",2.11905357303503,1.39024067736911,1.042944709066,1.02425504354674,"water 2","DmOR7a_F_3"
"4","DmOR7a_ORCO_Transgene_Gal4_GCaMP7f_F_F_3","pic_3",0.905351598648637,0.489493701874854,1.0152948817548,1.01372128138361,"water 2","DmOR7a_F_3"
"5","DmOR7a_ORCO_Transgene_Gal4_GCaMP7f_F_F_3","pic_1",1.05233386687545,0.628929122014305,1.00964582240337,1.00802596336432,"water 2","DmOR7a_F_3"
"5","DmOR7a_ORCO_Transgene_Gal4_GCaMP7f_F_F_3","pic_2",-0.0378691387879673,0.169873002813557,1.00197467840568,1.00564625912213,"water 2","DmOR7a_F_3"
"5","DmOR7a_ORCO_Transgene_Gal4_GCaMP7f_F_F_3","pic_3",-0.0434303591541267,-0.540665238006399,1.00193554723285,0.998189317303054,"water 2","DmOR7a_F_3"
"6","DmOR7a_ORCO_Transgene_Gal4_GCaMP7f_F_F_3","pic_1",0.853994575444979,0.375630432607286,1.00660287140143,1.00366747331978,"water 2","DmOR7a_F_3"
"6","DmOR7a_ORCO_Transgene_Gal4_GCaMP7f_F_F_3","pic_2",0.17424060852938,0.230885942880289,1.00185451509726,1.00314861458789,"water 2","DmOR7a_F_3"
"6","DmOR7a_ORCO_Transgene_Gal4_GCaMP7f_F_F_3","pic_3",-0.309225046107048,-0.360127430996724,0.998477312019718,0.998239251720523,"water 2","DmOR7a_F_3"
"7","DmOR43a_ORCO_Transgene_Gal4_GCaMP7f_F_M_3","pic_1",0.57020855079958,0.414422479327686,1.00443862047393,1.00347679031183,"water 2","DmOR43a_M_3"
"7","DmOR43a_ORCO_Transgene_Gal4_GCaMP7f_F_M_3","pic_2",0.507994049366947,0.119160714449354,1.00401205450672,1.00223908170395,"water 2","DmOR43a_M_3"
"7","DmOR43a_ORCO_Transgene_Gal4_GCaMP7f_F_M_3","pic_3",-0.170807644869047,-0.478258159381462,0.999357935377309,0.996194272301735,"water 2","DmOR43a_M_3"
"8","DmOR43a_ORCO_Transgene_Gal4_GCaMP7f_F_M_3","pic_1",0.451099122608871,0.218247860993494,1.00439026676604,1.00333209500164,"water 2","DmOR43a_M_3"
"8","DmOR43a_ORCO_Transgene_Gal4_GCaMP7f_F_M_3","pic_2",0.641001017542264,0.129669558115117,1.00566790619774,1.00355585730503,"water 2","DmOR43a_M_3"
"8","DmOR43a_ORCO_Transgene_Gal4_GCaMP7f_F_M_3","pic_3",-0.223998381992164,-0.295507088141384,0.999848283694085,0.998593653922064,"water 2","DmOR43a_M_3"
"9","DmOR43a_ORCO_Transgene_Gal4_GCaMP7f_F_M_3","pic_1",0.411555794676539,0.361803227259329,1.00395095031395,1.00418838937343,"water 2","DmOR43a_M_3"
"9","DmOR43a_ORCO_Transgene_Gal4_GCaMP7f_F_M_3","pic_2",-0.0318871236239676,-0.0329000384990706,1.00085871261937,1.00126194226186,"water 2","DmOR43a_M_3"
"9","DmOR43a_ORCO_Transgene_Gal4_GCaMP7f_F_M_3","pic_3",-0.257482926844065,-0.328636811828056,0.999285577007847,0.997943224819655,"water 2","DmOR43a_M_3"
"10","DmOR43a_ORCO_Transgene_Gal4_GCaMP7f_F_M_3","pic_1",1.00664876713756,0.203695177875227,1.0087712259748,1.00377774663735,"water 2","DmOR43a_M_3"
"10","DmOR43a_ORCO_Transgene_Gal4_GCaMP7f_F_M_3","pic_2",0.042349814072172,-0.0434040804736821,1.00171197324712,1.00151669516549,"water 2","DmOR43a_M_3"
"10","DmOR43a_ORCO_Transgene_Gal4_GCaMP7f_F_M_3","pic_3",-0.198627901752196,-0.378940638580153,0.999947870328274,0.99858958012926,"water 2","DmOR43a_M_3"
"11","DmOR43a_ORCO_Transgene_Gal4_GCaMP7f_F_M_3","pic_1",0.54679620396707,0.414393327573224,1.00384978364096,1.00309929140539,"water 2","DmOR43a_M_3"
"11","DmOR43a_ORCO_Transgene_Gal4_GCaMP7f_F_M_3","pic_2",0.632272749084017,0.0918908695887127,1.0044445758362,1.0013323540647,"water 2","DmOR43a_M_3"
"11","DmOR43a_ORCO_Transgene_Gal4_GCaMP7f_F_M_3","pic_3",-0.190710462032072,-0.281045743355321,0.998717811960617,0.997544239749587,"water 2","DmOR43a_M_3"
"12","DmOR43a_ORCO_Transgene_Gal4_GCaMP7f_F_M_3","pic_1",0.700985002529283,0.561601668124127,1.00553135913548,1.00506854084728,"water 2","DmOR43a_M_3"
"12","DmOR43a_ORCO_Transgene_Gal4_GCaMP7f_F_M_3","pic_2",0.505497067688784,0.167314204776887,1.00406816646972,1.00455255647244,"water 2","DmOR43a_M_3"
"12","DmOR43a_ORCO_Transgene_Gal4_GCaMP7f_F_M_3","pic_3",0.166997138407745,-0.32877615877762,1.00153455428394,0.996761018511553,"water 2","DmOR43a_M_3"
"13","DmOR43b_ORCO_Transgene_Gal4_GCaMP7f_F_M_3","pic_1",0.672020541841957,0.267872802604702,1.00579945483968,1.00335888236119,"water 2","DmOR43b_M_3"
"13","DmOR43b_ORCO_Transgene_Gal4_GCaMP7f_F_M_3","pic_2",0.101385669369291,0.0969434654097135,1.00193547225595,1.00254682314699,"water 2","DmOR43b_M_3"
"13","DmOR43b_ORCO_Transgene_Gal4_GCaMP7f_F_M_3","pic_3",-0.414024761396991,-0.375042442649425,0.998445435064007,0.998582180113186,"water 2","DmOR43b_M_3"
"14","DmOR43b_ORCO_Transgene_Gal4_GCaMP7f_F_M_3","pic_1",0.64553594537339,0.312301021747576,1.00523396088271,1.00365222391679,"water 2","DmOR43b_M_3"
"14","DmOR43b_ORCO_Transgene_Gal4_GCaMP7f_F_M_3","pic_2",0.403049276538709,0.045765557183051,1.0035922631591,1.00186875086772,"water 2","DmOR43b_M_3"
"14","DmOR43b_ORCO_Transgene_Gal4_GCaMP7f_F_M_3","pic_3",-0.370892122868449,-0.32194886750289,0.998352478886782,0.998680052586021,"water 2","DmOR43b_M_3"
"15","DmOR43b_ORCO_Transgene_Gal4_GCaMP7f_F_M_3","pic_1",0.526709141826807,0.223154253398604,1.00462821238805,1.00380098849913,"water 2","DmOR43b_M_3"
"15","DmOR43b_ORCO_Transgene_Gal4_GCaMP7f_F_M_3","pic_2",0.756823388840599,-0.151194044462155,1.0061892475941,1.00186579580444,"water 2","DmOR43b_M_3"
"15","DmOR43b_ORCO_Transgene_Gal4_GCaMP7f_F_M_3","pic_3",-0.292978199057288,-0.357031532203299,0.999067666643172,0.998612914197895,"water 2","DmOR43b_M_3"
"16","DmOR43b_ORCO_Transgene_Gal4_GCaMP7f_F_M_3","pic_1",0.439302626545946,0.12056079132624,1.00360556935619,1.0024139325187,"water 2","DmOR43b_M_3"
"16","DmOR43b_ORCO_Transgene_Gal4_GCaMP7f_F_M_3","pic_2",1.16503254351478,0.400994111249856,1.00846096979432,1.00567268011453,"water 2","DmOR43b_M_3"
"16","DmOR43b_ORCO_Transgene_Gal4_GCaMP7f_F_M_3","pic_3",0.073244832571382,-0.219275553729464,1.00115650789175,0.9994875848332,"water 2","DmOR43b_M_3"
"17","DmOR43b_ORCO_Transgene_Gal4_GCaMP7f_F_M_3","pic_1",0.469721396210479,0.262120704114857,1.00411070490687,1.00329291141123,"water 2","DmOR43b_M_3"
"17","DmOR43b_ORCO_Transgene_Gal4_GCaMP7f_F_M_3","pic_2",0.687906719265715,0.152198043527722,1.00561527723502,1.00296381275637,"water 2","DmOR43b_M_3"
"17","DmOR43b_ORCO_Transgene_Gal4_GCaMP7f_F_M_3","pic_3",-0.340444591053133,-0.43598175995573,0.998523925243712,0.997470388287934,"water 2","DmOR43b_M_3"
"18","DmOR43b_ORCO_Transgene_Gal4_GCaMP7f_F_M_3","pic_1",0.859717204581441,0.323638506423231,1.00678784498667,1.00459155875346,"water 2","DmOR43b_M_3"
"18","DmOR43b_ORCO_Transgene_Gal4_GCaMP7f_F_M_3","pic_2",0.637239010185723,0.121970252993105,1.00526727863414,1.00287473130218,"water 2","DmOR43b_M_3"
"18","DmOR43b_ORCO_Transgene_Gal4_GCaMP7f_F_M_3","pic_3",-0.00365230842652586,-0.32590703357247,1.00088699418712,0.998810897317624,"water 2","DmOR43b_M_3"
"1","DmOR7a_ORCO_Transgene_Gal4_GCaMP7f_F_F_3","pic_1",1.98970949702448,0.677237403973778,1.04075499590159,1.02823047645099,"o-Cresol_e3","DmOR7a_F_3"
"1","DmOR7a_ORCO_Transgene_Gal4_GCaMP7f_F_F_3","pic_2",1.14042662810333,0.405416501470249,1.02853128602968,1.02432705074873,"o-Cresol_e3","DmOR7a_F_3"
"1","DmOR7a_ORCO_Transgene_Gal4_GCaMP7f_F_F_3","pic_3",0.772905801696176,0.399986988444799,1.02324156676383,1.02058340610641,"o-Cresol_e3","DmOR7a_F_3"
"2","DmOR7a_ORCO_Transgene_Gal4_GCaMP7f_F_F_3","pic_1",5.61842095352359,1.63760748880316,1.04004777856719,1.03358674212752,"o-Cresol_e3","DmOR7a_F_3"
"2","DmOR7a_ORCO_Transgene_Gal4_GCaMP7f_F_F_3","pic_2",4.33342419056142,1.67980357464756,1.03081227842871,1.02403353261716,"o-Cresol_e3","DmOR7a_F_3"
"2","DmOR7a_ORCO_Transgene_Gal4_GCaMP7f_F_F_3","pic_3",4.36877942877788,2.14304983288764,1.03106638281002,1.02323841308968,"o-Cresol_e3","DmOR7a_F_3"
"3","DmOR7a_ORCO_Transgene_Gal4_GCaMP7f_F_F_3","pic_1",3.84067015161694,0.459803174011531,1.02513060227129,1.01079702509948,"o-Cresol_e3","DmOR7a_F_3"
"3","DmOR7a_ORCO_Transgene_Gal4_GCaMP7f_F_F_3","pic_2",2.14332740628543,0.205112933502522,1.01405150360527,1.00727640090949,"o-Cresol_e3","DmOR7a_F_3"
"3","DmOR7a_ORCO_Transgene_Gal4_GCaMP7f_F_F_3","pic_3",2.98767759415152,0.544841722262822,1.01956284718379,1.00891410857201,"o-Cresol_e3","DmOR7a_F_3"
"4","DmOR7a_ORCO_Transgene_Gal4_GCaMP7f_F_F_3","pic_1",0.0448556524205211,-1.09139413925655,1.00105163833105,0.981521768479059,"o-Cresol_e3","DmOR7a_F_3"
"4","DmOR7a_ORCO_Transgene_Gal4_GCaMP7f_F_F_3","pic_2",-0.063982878654063,-1.13102835346595,0.999625754571808,0.980853234963139,"o-Cresol_e3","DmOR7a_F_3"
"4","DmOR7a_ORCO_Transgene_Gal4_GCaMP7f_F_F_3","pic_3",-0.327797778122967,-0.715256043272041,0.996169539416346,0.99437741396323,"o-Cresol_e3","DmOR7a_F_3"
"5","DmOR7a_ORCO_Transgene_Gal4_GCaMP7f_F_F_3","pic_1",5.01804807224088,2.81010524568875,1.03442470125916,1.02112013257,"o-Cresol_e3","DmOR7a_F_3"
"5","DmOR7a_ORCO_Transgene_Gal4_GCaMP7f_F_F_3","pic_2",2.43088660988865,0.238553193509413,1.01681067301745,1.00962116174711,"o-Cresol_e3","DmOR7a_F_3"
"5","DmOR7a_ORCO_Transgene_Gal4_GCaMP7f_F_F_3","pic_3",3.59771701448201,0.970940026548158,1.02475473990267,1.0153731699877,"o-Cresol_e3","DmOR7a_F_3"
"6","DmOR7a_ORCO_Transgene_Gal4_GCaMP7f_F_F_3","pic_1",4.39396993217061,1.30182760038408,1.0294540541301,1.01601828827885,"o-Cresol_e3","DmOR7a_F_3"
"6","DmOR7a_ORCO_Transgene_Gal4_GCaMP7f_F_F_3","pic_2",2.55629911341687,1.08916140776424,1.01691881879125,1.01522811331285,"o-Cresol_e3","DmOR7a_F_3"
"6","DmOR7a_ORCO_Transgene_Gal4_GCaMP7f_F_F_3","pic_3",6.10738938554316,3.22627043621972,1.04114173826972,1.02503068049822,"o-Cresol_e3","DmOR7a_F_3"
"7","DmOR43a_ORCO_Transgene_Gal4_GCaMP7f_F_M_3","pic_1",3.54737872601266,0.39146486552332,1.02302219129576,1.00945123127699,"o-Cresol_e3","DmOR43a_M_3"
"7","DmOR43a_ORCO_Transgene_Gal4_GCaMP7f_F_M_3","pic_2",2.85314335800485,0.21598239345611,1.0185140683051,1.00727889712874,"o-Cresol_e3","DmOR43a_M_3"
"7","DmOR43a_ORCO_Transgene_Gal4_GCaMP7f_F_M_3","pic_3",2.66437816925467,0.676265268576146,1.01728829283117,1.0099120237741,"o-Cresol_e3","DmOR43a_M_3"
"8","DmOR43a_ORCO_Transgene_Gal4_GCaMP7f_F_M_3","pic_1",2.72479342050063,0.227661239426373,1.01868830708489,1.00745013564664,"o-Cresol_e3","DmOR43a_M_3"
"8","DmOR43a_ORCO_Transgene_Gal4_GCaMP7f_F_M_3","pic_2",2.41467603784361,0.193177320088482,1.01660324433202,1.00696824157915,"o-Cresol_e3","DmOR43a_M_3"
"8","DmOR43a_ORCO_Transgene_Gal4_GCaMP7f_F_M_3","pic_3",2.35043870195175,0.813881578294193,1.01617134697992,1.01076529738393,"o-Cresol_e3","DmOR43a_M_3"
"9","DmOR43a_ORCO_Transgene_Gal4_GCaMP7f_F_M_3","pic_1",4.49916786918597,0.497192596569733,1.02891597055696,1.01134067774957,"o-Cresol_e3","DmOR43a_M_3"
"9","DmOR43a_ORCO_Transgene_Gal4_GCaMP7f_F_M_3","pic_2",3.28368039203471,0.480670114295018,1.02103685718366,1.01070195613253,"o-Cresol_e3","DmOR43a_M_3"
"9","DmOR43a_ORCO_Transgene_Gal4_GCaMP7f_F_M_3","pic_3",3.35080975343944,0.762270689220826,1.02147200757322,1.01061903747398,"o-Cresol_e3","DmOR43a_M_3"
"10","DmOR43a_ORCO_Transgene_Gal4_GCaMP7f_F_M_3","pic_1",6.81164084305971,1.18468145056594,1.04506543335143,1.0190802249972,"o-Cresol_e3","DmOR43a_M_3"
"10","DmOR43a_ORCO_Transgene_Gal4_GCaMP7f_F_M_3","pic_2",4.45534865906243,1.13950452728226,1.02872248614636,1.01505511390886,"o-Cresol_e3","DmOR43a_M_3"
"10","DmOR43a_ORCO_Transgene_Gal4_GCaMP7f_F_M_3","pic_3",5.13453802750099,1.23459889566222,1.03343325846315,1.01472366065255,"o-Cresol_e3","DmOR43a_M_3"
"11","DmOR43a_ORCO_Transgene_Gal4_GCaMP7f_F_M_3","pic_1",4.47575787809335,0.507355527841865,1.02897100540851,1.01102097945465,"o-Cresol_e3","DmOR43a_M_3"
"11","DmOR43a_ORCO_Transgene_Gal4_GCaMP7f_F_M_3","pic_2",2.65858202301017,0.21993466996082,1.01725422636981,1.00806831184662,"o-Cresol_e3","DmOR43a_M_3"
"11","DmOR43a_ORCO_Transgene_Gal4_GCaMP7f_F_M_3","pic_3",3.21588834976841,0.601258694266614,1.02084762382181,1.00923201469882,"o-Cresol_e3","DmOR43a_M_3"
"12","DmOR43a_ORCO_Transgene_Gal4_GCaMP7f_F_M_3","pic_1",4.64964209639977,0.751517837724779,1.02943886200621,1.01192434848383,"o-Cresol_e3","DmOR43a_M_3"
"12","DmOR43a_ORCO_Transgene_Gal4_GCaMP7f_F_M_3","pic_2",3.13191368970973,0.627891459940859,1.01944690190184,1.01126462155921,"o-Cresol_e3","DmOR43a_M_3"
"12","DmOR43a_ORCO_Transgene_Gal4_GCaMP7f_F_M_3","pic_3",2.71482357957167,0.456151619861824,1.01670099049763,1.00752629257803,"o-Cresol_e3","DmOR43a_M_3"
"13","DmOR43b_ORCO_Transgene_Gal4_GCaMP7f_F_M_3","pic_1",1.57712877869381,0.107862270694194,1.01041073635798,1.00298951469661,"o-Cresol_e3","DmOR43b_M_3"
"13","DmOR43b_ORCO_Transgene_Gal4_GCaMP7f_F_M_3","pic_2",0.754144650938013,0.0138183569719104,1.00486496196344,1.00271124857376,"o-Cresol_e3","DmOR43b_M_3"
"13","DmOR43b_ORCO_Transgene_Gal4_GCaMP7f_F_M_3","pic_3",1.41960975276345,0.588893579284967,1.00934927605614,1.00603970339654,"o-Cresol_e3","DmOR43b_M_3"
"14","DmOR43b_ORCO_Transgene_Gal4_GCaMP7f_F_M_3","pic_1",1.77882289427645,0.206931743100698,1.0117022956996,1.00392713818376,"o-Cresol_e3","DmOR43b_M_3"
"14","DmOR43b_ORCO_Transgene_Gal4_GCaMP7f_F_M_3","pic_2",0.870022129265754,-0.0188076991079167,1.00561633910236,1.00263121049213,"o-Cresol_e3","DmOR43b_M_3"
"14","DmOR43b_ORCO_Transgene_Gal4_GCaMP7f_F_M_3","pic_3",0.362940640491852,0.559382173560548,1.00222057178927,1.00609742231979,"o-Cresol_e3","DmOR43b_M_3"
"15","DmOR43b_ORCO_Transgene_Gal4_GCaMP7f_F_M_3","pic_1",4.3133227935825,0.564885058229379,1.02851533806105,1.01111015495943,"o-Cresol_e3","DmOR43b_M_3"
"15","DmOR43b_ORCO_Transgene_Gal4_GCaMP7f_F_M_3","pic_2",3.07862285649951,0.480092558761441,1.02043329552813,1.01049308622742,"o-Cresol_e3","DmOR43b_M_3"
"15","DmOR43b_ORCO_Transgene_Gal4_GCaMP7f_F_M_3","pic_3",3.49332158601625,0.66444871734277,1.0231478115572,1.0104589937536,"o-Cresol_e3","DmOR43b_M_3"
"16","DmOR43b_ORCO_Transgene_Gal4_GCaMP7f_F_M_3","pic_1",3.97032909054993,0.297834606625019,1.02648453230245,1.00901949265413,"o-Cresol_e3","DmOR43b_M_3"
"16","DmOR43b_ORCO_Transgene_Gal4_GCaMP7f_F_M_3","pic_2",3.10353357566878,0.459686225357597,1.0206840122949,1.01066296791294,"o-Cresol_e3","DmOR43b_M_3"
"16","DmOR43b_ORCO_Transgene_Gal4_GCaMP7f_F_M_3","pic_3",3.55553451357673,0.578372741586109,1.0237087631603,1.00977101955694,"o-Cresol_e3","DmOR43b_M_3"
"17","DmOR43b_ORCO_Transgene_Gal4_GCaMP7f_F_M_3","pic_1",3.76371941097212,0.352199020333273,1.02491735536063,1.00959927376053,"o-Cresol_e3","DmOR43b_M_3"
"17","DmOR43b_ORCO_Transgene_Gal4_GCaMP7f_F_M_3","pic_2",2.79975531936002,0.380333393308983,1.01847180178175,1.00951745262627,"o-Cresol_e3","DmOR43b_M_3"
"17","DmOR43b_ORCO_Transgene_Gal4_GCaMP7f_F_M_3","pic_3",3.47970192946041,0.814548177288001,1.02301827020761,1.01077907203626,"o-Cresol_e3","DmOR43b_M_3"
"18","DmOR43b_ORCO_Transgene_Gal4_GCaMP7f_F_M_3","pic_1",4.65123842929736,0.564677410933861,1.03119138091025,1.01301319636287,"o-Cresol_e3","DmOR43b_M_3"
"18","DmOR43b_ORCO_Transgene_Gal4_GCaMP7f_F_M_3","pic_2",2.96490214592688,0.335313040512636,1.01997420509786,1.00980959310465,"o-Cresol_e3","DmOR43b_M_3"
"18","DmOR43b_ORCO_Transgene_Gal4_GCaMP7f_F_M_3","pic_3",3.78206270118516,0.757034373404356,1.02540979567708,1.01156549981553,"o-Cresol_e3","DmOR43b_M_3"
"1","DmOR7a_ORCO_Transgene_Gal4_GCaMP7f_F_F_3","pic_1",1.14695954043633,1.01054121753561,1.0104805451395,1.01026026896626,"water 3","DmOR7a_F_3"
"1","DmOR7a_ORCO_Transgene_Gal4_GCaMP7f_F_F_3","pic_2",-0.0695960924950453,0.00320159684131025,0.999814945748442,1.00277860462575,"water 3","DmOR7a_F_3"
"1","DmOR7a_ORCO_Transgene_Gal4_GCaMP7f_F_F_3","pic_3",0.464906784100341,0.173024293208021,1.00450095714062,1.00391971661863,"water 3","DmOR7a_F_3"
"2","DmOR7a_ORCO_Transgene_Gal4_GCaMP7f_F_F_3","pic_1",0.292550933691829,-0.321885624231568,1.01168600130377,1.00640465965869,"water 3","DmOR7a_F_3"
"2","DmOR7a_ORCO_Transgene_Gal4_GCaMP7f_F_F_3","pic_2",0.330312760136498,-0.230881603212286,1.01217702328743,1.00949292012049,"water 3","DmOR7a_F_3"
"2","DmOR7a_ORCO_Transgene_Gal4_GCaMP7f_F_F_3","pic_3",1.23282554772581,-0.0679152593669495,1.02391251547509,0.999057963120195,"water 3","DmOR7a_F_3"
"3","DmOR7a_ORCO_Transgene_Gal4_GCaMP7f_F_F_3","pic_1",0.674964286363228,0.318817126567347,1.00678922988024,1.00548157905014,"water 3","DmOR7a_F_3"
"3","DmOR7a_ORCO_Transgene_Gal4_GCaMP7f_F_F_3","pic_2",-0.160593221146361,-0.112876608004329,1.00061035304285,1.00309136305715,"water 3","DmOR7a_F_3"
"3","DmOR7a_ORCO_Transgene_Gal4_GCaMP7f_F_F_3","pic_3",0.211759938330086,-0.0572603520766519,1.00336387304805,1.00374985001218,"water 3","DmOR7a_F_3"
"4","DmOR7a_ORCO_Transgene_Gal4_GCaMP7f_F_F_3","pic_1",2.19210525212133,1.15096768403077,1.03203232825315,1.02018430755017,"water 3","DmOR7a_F_3"
"4","DmOR7a_ORCO_Transgene_Gal4_GCaMP7f_F_F_3","pic_2",0.404773742956845,0.208953583827099,1.00666690160368,1.00469150990699,"water 3","DmOR7a_F_3"
"4","DmOR7a_ORCO_Transgene_Gal4_GCaMP7f_F_F_3","pic_3",1.10849340498388,0.493294824933534,1.01665394059304,1.00514904427771,"water 3","DmOR7a_F_3"
"5","DmOR7a_ORCO_Transgene_Gal4_GCaMP7f_F_F_3","pic_1",0.359156435942124,0.279115113561766,1.00360411851526,1.00403937209725,"water 3","DmOR7a_F_3"
"5","DmOR7a_ORCO_Transgene_Gal4_GCaMP7f_F_F_3","pic_2",1.0784050216663,0.0781645635335334,1.00897355646649,1.00465384594495,"water 3","DmOR7a_F_3"
"5","DmOR7a_ORCO_Transgene_Gal4_GCaMP7f_F_F_3","pic_3",0.29804085047486,0.117762694181356,1.00314786965981,1.00435500722904,"water 3","DmOR7a_F_3"
"6","DmOR7a_ORCO_Transgene_Gal4_GCaMP7f_F_F_3","pic_1",0.293043410665333,0.274694817169231,1.00472147326327,1.00676521594542,"water 3","DmOR7a_F_3"
"6","DmOR7a_ORCO_Transgene_Gal4_GCaMP7f_F_F_3","pic_2",0.952912451189195,0.108083218188461,1.01012378915469,1.0054063391498,"water 3","DmOR7a_F_3"
"6","DmOR7a_ORCO_Transgene_Gal4_GCaMP7f_F_F_3","pic_3",0.114111024195443,-0.393859205153077,1.00325656247711,1.00121680708167,"water 3","DmOR7a_F_3"
"7","DmOR43a_ORCO_Transgene_Gal4_GCaMP7f_F_M_3","pic_1",0.634763599985664,0.453207960697759,1.00615219198163,1.00564198562894,"water 3","DmOR43a_M_3"
"7","DmOR43a_ORCO_Transgene_Gal4_GCaMP7f_F_M_3","pic_2",0.0075977504819973,-0.125031095387264,1.00145237618667,1.00226167558473,"water 3","DmOR43a_M_3"
"7","DmOR43a_ORCO_Transgene_Gal4_GCaMP7f_F_M_3","pic_3",0.182611222823067,-0.247582917913417,1.00276388108173,1.00150253856315,"water 3","DmOR43a_M_3"
"8","DmOR43a_ORCO_Transgene_Gal4_GCaMP7f_F_M_3","pic_1",1.01818191786938,0.370172672400639,1.00880773710279,1.0052295627565,"water 3","DmOR43a_M_3"
"8","DmOR43a_ORCO_Transgene_Gal4_GCaMP7f_F_M_3","pic_2",-0.0405462559193086,-0.130003281899996,1.0011605010914,1.00197482733945,"water 3","DmOR43a_M_3"
"8","DmOR43a_ORCO_Transgene_Gal4_GCaMP7f_F_M_3","pic_3",0.0572698235165816,-0.210585239017277,1.00186703055163,1.00156330436402,"water 3","DmOR43a_M_3"
"9","DmOR43a_ORCO_Transgene_Gal4_GCaMP7f_F_M_3","pic_1",0.653450713976993,0.198843488541245,1.0065357207599,1.00299382846185,"water 3","DmOR43a_M_3"
"9","DmOR43a_ORCO_Transgene_Gal4_GCaMP7f_F_M_3","pic_2",0.0401090271218987,-0.0733546480920727,1.00204361678351,1.00296468434318,"water 3","DmOR43a_M_3"
"9","DmOR43a_ORCO_Transgene_Gal4_GCaMP7f_F_M_3","pic_3",0.33136852182597,-0.12785206458133,1.00417679631844,1.00290617080318,"water 3","DmOR43a_M_3"
"10","DmOR43a_ORCO_Transgene_Gal4_GCaMP7f_F_M_3","pic_1",1.52990363540216,0.502738972702481,1.01255355420147,1.00711882042756,"water 3","DmOR43a_M_3"
"10","DmOR43a_ORCO_Transgene_Gal4_GCaMP7f_F_M_3","pic_2",0.845848968818458,-0.0993856178256739,1.00758092388658,1.00234533125929,"water 3","DmOR43a_M_3"
"10","DmOR43a_ORCO_Transgene_Gal4_GCaMP7f_F_M_3","pic_3",0.393785309402056,0.00284133660933282,1.00429471656005,1.0021943488204,"water 3","DmOR43a_M_3"
"11","DmOR43a_ORCO_Transgene_Gal4_GCaMP7f_F_M_3","pic_1",0.428181725345681,0.361590510734972,1.0043282792314,1.00497336397048,"water 3","DmOR43a_M_3"
"11","DmOR43a_ORCO_Transgene_Gal4_GCaMP7f_F_M_3","pic_2",0.0618928696436139,-0.0783192903229591,1.00164356962706,1.00207867963118,"water 3","DmOR43a_M_3"
"11","DmOR43a_ORCO_Transgene_Gal4_GCaMP7f_F_M_3","pic_3",0.198032009082712,-0.128238177049381,1.00264139975344,1.00224312763745,"water 3","DmOR43a_M_3"
"12","DmOR43a_ORCO_Transgene_Gal4_GCaMP7f_F_M_3","pic_1",1.02583322477229,0.45208130470341,1.01006191578013,1.00639629172096,"water 3","DmOR43a_M_3"
"12","DmOR43a_ORCO_Transgene_Gal4_GCaMP7f_F_M_3","pic_2",0.103003791923658,-0.051761983729524,1.00306107129306,1.00467659067548,"water 3","DmOR43a_M_3"
"12","DmOR43a_ORCO_Transgene_Gal4_GCaMP7f_F_M_3","pic_3",0.34798591081673,-0.126853287851718,1.00491957477749,1.00238994820883,"water 3","DmOR43a_M_3"
"13","DmOR43b_ORCO_Transgene_Gal4_GCaMP7f_F_M_3","pic_1",0.452338638046696,0.30883805158656,1.00495912065111,1.00459556219613,"water 3","DmOR43b_M_3"
"13","DmOR43b_ORCO_Transgene_Gal4_GCaMP7f_F_M_3","pic_2",-0.100539286249,-0.216631559830656,1.00087822744997,1.00145464984236,"water 3","DmOR43b_M_3"
"13","DmOR43b_ORCO_Transgene_Gal4_GCaMP7f_F_M_3","pic_3",0.177463630702497,-0.175668631941992,1.00293021788733,1.00182943055687,"water 3","DmOR43b_M_3"
"14","DmOR43b_ORCO_Transgene_Gal4_GCaMP7f_F_M_3","pic_1",0.393752001338832,0.294209277982281,1.00475420314587,1.00472298095044,"water 3","DmOR43b_M_3"
"14","DmOR43b_ORCO_Transgene_Gal4_GCaMP7f_F_M_3","pic_2",-0.118643577259616,-0.149879295151231,1.00096295405249,1.00218113973701,"water 3","DmOR43b_M_3"
"14","DmOR43b_ORCO_Transgene_Gal4_GCaMP7f_F_M_3","pic_3",0.167656261422347,-0.177809286098468,1.00308130567216,1.002072440934,"water 3","DmOR43b_M_3"
"15","DmOR43b_ORCO_Transgene_Gal4_GCaMP7f_F_M_3","pic_1",1.23665773046615,0.374302627091674,1.01147131689027,1.00673792808774,"water 3","DmOR43b_M_3"
"15","DmOR43b_ORCO_Transgene_Gal4_GCaMP7f_F_M_3","pic_2",0.73037319671989,-0.0897476046428531,1.00754596827244,1.00298710167238,"water 3","DmOR43b_M_3"
"15","DmOR43b_ORCO_Transgene_Gal4_GCaMP7f_F_M_3","pic_3",0.00475410985421086,-0.298740435808446,1.00192006487259,1.00115643199405,"water 3","DmOR43b_M_3"
"16","DmOR43b_ORCO_Transgene_Gal4_GCaMP7f_F_M_3","pic_1",0.201859531591844,0.276704246984614,1.00287569814798,1.00446996641188,"water 3","DmOR43b_M_3"
"16","DmOR43b_ORCO_Transgene_Gal4_GCaMP7f_F_M_3","pic_2",-0.196024266410681,-0.177018960797551,0.999951589323798,1.00192993585373,"water 3","DmOR43b_M_3"
"16","DmOR43b_ORCO_Transgene_Gal4_GCaMP7f_F_M_3","pic_3",0.260776165282772,-0.16772698496845,1.00330868549085,1.00277021407328,"water 3","DmOR43b_M_3"
"17","DmOR43b_ORCO_Transgene_Gal4_GCaMP7f_F_M_3","pic_1",0.732196532741389,0.35944540971201,1.00733259408291,1.00624951692444,"water 3","DmOR43b_M_3"
"17","DmOR43b_ORCO_Transgene_Gal4_GCaMP7f_F_M_3","pic_2",-0.0655030564595222,-0.106572021286926,1.0014438802172,1.00288677971006,"water 3","DmOR43b_M_3"
"17","DmOR43b_ORCO_Transgene_Gal4_GCaMP7f_F_M_3","pic_3",0.00997241282718669,-0.273549754646934,1.00200104916717,1.00174063798508,"water 3","DmOR43b_M_3"
"18","DmOR43b_ORCO_Transgene_Gal4_GCaMP7f_F_M_3","pic_1",0.439851815096989,0.407608052111,1.00537380433181,1.00706276287279,"water 3","DmOR43b_M_3"
"18","DmOR43b_ORCO_Transgene_Gal4_GCaMP7f_F_M_3","pic_2",0.755928581679252,0.0339127091808574,1.00778472691913,1.00476437447547,"water 3","DmOR43b_M_3"
"18","DmOR43b_ORCO_Transgene_Gal4_GCaMP7f_F_M_3","pic_3",0.0523732401494529,-0.246053776421673,1.00241825382254,1.00240300314271,"water 3","DmOR43b_M_3"
"1","DmOR7a_ORCO_Transgene_Gal4_GCaMP7f_F_F_3","pic_1",3.2261361955442,1.16893707055284,1.06156296138094,1.04274970439609,"Pentyl acetate_e3","DmOR7a_F_3"
"1","DmOR7a_ORCO_Transgene_Gal4_GCaMP7f_F_F_3","pic_2",2.21738446840363,0.446642635021109,1.04564292660908,1.03023052150973,"Pentyl acetate_e3","DmOR7a_F_3"
"1","DmOR7a_ORCO_Transgene_Gal4_GCaMP7f_F_F_3","pic_3",1.79863409485432,0.450883840677301,1.03903424349283,1.02868065274244,"Pentyl acetate_e3","DmOR7a_F_3"
"2","DmOR7a_ORCO_Transgene_Gal4_GCaMP7f_F_F_3","pic_1",2.19592604176434,0.31335776037263,1.02708439729093,1.01479263133846,"Pentyl acetate_e3","DmOR7a_F_3"
"2","DmOR7a_ORCO_Transgene_Gal4_GCaMP7f_F_F_3","pic_2",2.13037352902194,0.382342018849771,1.0261901416552,1.01406295751705,"Pentyl acetate_e3","DmOR7a_F_3"
"2","DmOR7a_ORCO_Transgene_Gal4_GCaMP7f_F_F_3","pic_3",3.75851301968076,1.06086529156931,1.04840092892112,1.03115737277821,"Pentyl acetate_e3","DmOR7a_F_3"
"3","DmOR7a_ORCO_Transgene_Gal4_GCaMP7f_F_F_3","pic_1",6.07063478134185,1.56315497949993,1.04316012980552,1.02881997393463,"Pentyl acetate_e3","DmOR7a_F_3"
"3","DmOR7a_ORCO_Transgene_Gal4_GCaMP7f_F_F_3","pic_2",6.26267155273194,1.16893552099281,1.04451791012534,1.02459027059701,"Pentyl acetate_e3","DmOR7a_F_3"
"3","DmOR7a_ORCO_Transgene_Gal4_GCaMP7f_F_F_3","pic_3",5.56119918271864,0.824012841716851,1.03955820698095,1.02170425259245,"Pentyl acetate_e3","DmOR7a_F_3"
"4","DmOR7a_ORCO_Transgene_Gal4_GCaMP7f_F_F_3","pic_1",2.5048858933371,0.507473624064995,1.04592531840345,1.0278793994813,"Pentyl acetate_e3","DmOR7a_F_3"
"4","DmOR7a_ORCO_Transgene_Gal4_GCaMP7f_F_F_3","pic_2",3.65200593787332,1.27425096299518,1.06272478962768,1.0405924975478,"Pentyl acetate_e3","DmOR7a_F_3"
"4","DmOR7a_ORCO_Transgene_Gal4_GCaMP7f_F_F_3","pic_3",2.11350410401458,0.480331289948253,1.04019356684116,1.03058369295368,"Pentyl acetate_e3","DmOR7a_F_3"
"5","DmOR7a_ORCO_Transgene_Gal4_GCaMP7f_F_F_3","pic_1",9.92233590250881,1.94931102459444,1.08121040694188,1.04621469232593,"Pentyl acetate_e3","DmOR7a_F_3"
"5","DmOR7a_ORCO_Transgene_Gal4_GCaMP7f_F_F_3","pic_2",7.3207335393014,0.454362459709178,1.06092236166476,1.03061784598442,"Pentyl acetate_e3","DmOR7a_F_3"
"5","DmOR7a_ORCO_Transgene_Gal4_GCaMP7f_F_F_3","pic_3",4.83657802665835,0.752514759835698,1.04155020078858,1.02577680938095,"Pentyl acetate_e3","DmOR7a_F_3"
"6","DmOR7a_ORCO_Transgene_Gal4_GCaMP7f_F_F_3","pic_1",8.2200440313729,2.05092305323773,1.06366361267889,1.03750229875725,"Pentyl acetate_e3","DmOR7a_F_3"
"6","DmOR7a_ORCO_Transgene_Gal4_GCaMP7f_F_F_3","pic_2",6.78873935206569,1.15827533053411,1.05283594755775,1.02779432191102,"Pentyl acetate_e3","DmOR7a_F_3"
"6","DmOR7a_ORCO_Transgene_Gal4_GCaMP7f_F_F_3","pic_3",4.88630169374817,0.855550071534634,1.03844421239758,1.02192035855689,"Pentyl acetate_e3","DmOR7a_F_3"
"7","DmOR43a_ORCO_Transgene_Gal4_GCaMP7f_F_M_3","pic_1",5.11600304959908,1.01429255473789,1.03728896408179,1.0203634473919,"Pentyl acetate_e3","DmOR43a_M_3"
"7","DmOR43a_ORCO_Transgene_Gal4_GCaMP7f_F_M_3","pic_2",3.55749657255297,0.374432359104558,1.02601417008239,1.01187167599227,"Pentyl acetate_e3","DmOR43a_M_3"
"7","DmOR43a_ORCO_Transgene_Gal4_GCaMP7f_F_M_3","pic_3",4.23421236109165,0.879565453900456,1.0309097744474,1.01666414208081,"Pentyl acetate_e3","DmOR43a_M_3"
"8","DmOR43a_ORCO_Transgene_Gal4_GCaMP7f_F_M_3","pic_1",4.5850114541645,0.963338292799394,1.03387341833623,1.01957587236789,"Pentyl acetate_e3","DmOR43a_M_3"
"8","DmOR43a_ORCO_Transgene_Gal4_GCaMP7f_F_M_3","pic_2",3.06747116963757,0.31537308217355,1.02295723968006,1.01158353738386,"Pentyl acetate_e3","DmOR43a_M_3"
"8","DmOR43a_ORCO_Transgene_Gal4_GCaMP7f_F_M_3","pic_3",3.75501764305229,0.804073564034107,1.02790299315675,1.01644527662479,"Pentyl acetate_e3","DmOR43a_M_3"
"9","DmOR43a_ORCO_Transgene_Gal4_GCaMP7f_F_M_3","pic_1",6.50291382580806,1.05768245888309,1.04943507370973,1.024923464025,"Pentyl acetate_e3","DmOR43a_M_3"
"9","DmOR43a_ORCO_Transgene_Gal4_GCaMP7f_F_M_3","pic_2",4.39387602019281,0.36001331565365,1.03378167351926,1.01527982482531,"Pentyl acetate_e3","DmOR43a_M_3"
"9","DmOR43a_ORCO_Transgene_Gal4_GCaMP7f_F_M_3","pic_3",4.85853489415001,0.794304132201769,1.03723039847181,1.01811457073775,"Pentyl acetate_e3","DmOR43a_M_3"
"10","DmOR43a_ORCO_Transgene_Gal4_GCaMP7f_F_M_3","pic_1",8.55660301980341,1.80358379983266,1.06336938325536,1.03146569013771,"Pentyl acetate_e3","DmOR43a_M_3"
"10","DmOR43a_ORCO_Transgene_Gal4_GCaMP7f_F_M_3","pic_2",6.14551500292918,0.791230398162021,1.04446163489435,1.01728475218969,"Pentyl acetate_e3","DmOR43a_M_3"
"10","DmOR43a_ORCO_Transgene_Gal4_GCaMP7f_F_M_3","pic_3",6.39451386486339,1.0714998734313,1.04641428357025,1.01910611740237,"Pentyl acetate_e3","DmOR43a_M_3"
"11","DmOR43a_ORCO_Transgene_Gal4_GCaMP7f_F_M_3","pic_1",5.24800624094705,0.849194854608872,1.03936411325428,1.0198516919902,"Pentyl acetate_e3","DmOR43a_M_3"
"11","DmOR43a_ORCO_Transgene_Gal4_GCaMP7f_F_M_3","pic_2",4.07365505252991,0.328843529196568,1.03076033338655,1.01352717285662,"Pentyl acetate_e3","DmOR43a_M_3"
"11","DmOR43a_ORCO_Transgene_Gal4_GCaMP7f_F_M_3","pic_3",4.63691105941229,0.930684374485343,1.03488697858451,1.01778039232505,"Pentyl acetate_e3","DmOR43a_M_3"
"12","DmOR43a_ORCO_Transgene_Gal4_GCaMP7f_F_M_3","pic_1",4.72618327664874,0.856777140720438,1.03919455616949,1.01885796696873,"Pentyl acetate_e3","DmOR43a_M_3"
"12","DmOR43a_ORCO_Transgene_Gal4_GCaMP7f_F_M_3","pic_2",2.91930881506486,0.0811867847729701,1.02343368166935,1.00868518019765,"Pentyl acetate_e3","DmOR43a_M_3"
"12","DmOR43a_ORCO_Transgene_Gal4_GCaMP7f_F_M_3","pic_3",3.9087091495133,0.905757721119707,1.03206395169263,1.01455335451454,"Pentyl acetate_e3","DmOR43a_M_3"
"13","DmOR43b_ORCO_Transgene_Gal4_GCaMP7f_F_M_3","pic_1",2.62496920827033,0.545024076447362,1.01850555376193,1.0104186715122,"Pentyl acetate_e3","DmOR43b_M_3"
"13","DmOR43b_ORCO_Transgene_Gal4_GCaMP7f_F_M_3","pic_2",1.96579575869672,0.118727638906598,1.01378134193953,1.00561623772925,"Pentyl acetate_e3","DmOR43b_M_3"
"13","DmOR43b_ORCO_Transgene_Gal4_GCaMP7f_F_M_3","pic_3",2.52137723630082,0.595946289325859,1.01776312334548,1.01049484314968,"Pentyl acetate_e3","DmOR43b_M_3"
"14","DmOR43b_ORCO_Transgene_Gal4_GCaMP7f_F_M_3","pic_1",2.77899835923422,0.52483327142138,1.01981117893724,1.01188458817425,"Pentyl acetate_e3","DmOR43b_M_3"
"14","DmOR43b_ORCO_Transgene_Gal4_GCaMP7f_F_M_3","pic_2",1.84970093205366,0.166380769196435,1.01329680288021,1.00693726635944,"Pentyl acetate_e3","DmOR43b_M_3"
"14","DmOR43b_ORCO_Transgene_Gal4_GCaMP7f_F_M_3","pic_3",2.36559154135024,0.434593145209701,1.01691319665786,1.0094616522147,"Pentyl acetate_e3","DmOR43b_M_3"
"15","DmOR43b_ORCO_Transgene_Gal4_GCaMP7f_F_M_3","pic_1",7.09687103448458,1.23722564517974,1.04847951802701,1.02368656602058,"Pentyl acetate_e3","DmOR43b_M_3"
"15","DmOR43b_ORCO_Transgene_Gal4_GCaMP7f_F_M_3","pic_2",5.87962682429987,1.09582343648403,1.0401917092142,1.01958803345109,"Pentyl acetate_e3","DmOR43b_M_3"
"15","DmOR43b_ORCO_Transgene_Gal4_GCaMP7f_F_M_3","pic_3",5.20582079894625,0.76112686643393,1.03560398929052,1.01780157719441,"Pentyl acetate_e3","DmOR43b_M_3"
"16","DmOR43b_ORCO_Transgene_Gal4_GCaMP7f_F_M_3","pic_1",6.57979142083732,1.20176514908818,1.04884914017833,1.0255538341054,"Pentyl acetate_e3","DmOR43b_M_3"
"16","DmOR43b_ORCO_Transgene_Gal4_GCaMP7f_F_M_3","pic_2",4.85955725760666,0.466969393963769,1.03610673048863,1.0160101233561,"Pentyl acetate_e3","DmOR43b_M_3"
"16","DmOR43b_ORCO_Transgene_Gal4_GCaMP7f_F_M_3","pic_3",5.11535512949158,1.04297014017925,1.03800151978592,1.02004874605577,"Pentyl acetate_e3","DmOR43b_M_3"
"17","DmOR43b_ORCO_Transgene_Gal4_GCaMP7f_F_M_3","pic_1",6.3452015094468,1.31092103825474,1.04535611841577,1.02451855587865,"Pentyl acetate_e3","DmOR43b_M_3"
"17","DmOR43b_ORCO_Transgene_Gal4_GCaMP7f_F_M_3","pic_2",4.59795622574927,0.572014817319017,1.03298132582386,1.0157798268674,"Pentyl acetate_e3","DmOR43b_M_3"
"17","DmOR43b_ORCO_Transgene_Gal4_GCaMP7f_F_M_3","pic_3",4.57060432920775,0.813972703941961,1.03278760714575,1.01701841657439,"Pentyl acetate_e3","DmOR43b_M_3"
"18","DmOR43b_ORCO_Transgene_Gal4_GCaMP7f_F_M_3","pic_1",7.4726048345065,1.68460142002067,1.0538190806308,1.02991116479281,"Pentyl acetate_e3","DmOR43b_M_3"
"18","DmOR43b_ORCO_Transgene_Gal4_GCaMP7f_F_M_3","pic_2",5.1897977361409,0.591050513248482,1.03753350575129,1.01755794368737,"Pentyl acetate_e3","DmOR43b_M_3"
"18","DmOR43b_ORCO_Transgene_Gal4_GCaMP7f_F_M_3","pic_3",5.20330472396153,0.893947542578095,1.03762986477423,1.01971515987232,"Pentyl acetate_e3","DmOR43b_M_3"
"1","DmOR7a_ORCO_Transgene_Gal4_GCaMP7f_F_F_3","pic_1",0.262740100845072,0.137802429226196,1.00084254333412,1.00019184495266,"water 4","DmOR7a_F_3"
"1","DmOR7a_ORCO_Transgene_Gal4_GCaMP7f_F_F_3","pic_2",1.38020433880216,1.01019286158348,1.0154940420875,1.01338017330034,"water 4","DmOR7a_F_3"
"1","DmOR7a_ORCO_Transgene_Gal4_GCaMP7f_F_F_3","pic_3",-0.0375753757960737,-0.384143560575079,0.996904992867472,0.990897298271845,"water 4","DmOR7a_F_3"
"2","DmOR7a_ORCO_Transgene_Gal4_GCaMP7f_F_F_3","pic_1",-0.24205899037203,-0.575692699769382,0.999126736576243,0.99650050663627,"water 4","DmOR7a_F_3"
"2","DmOR7a_ORCO_Transgene_Gal4_GCaMP7f_F_F_3","pic_2",-0.040772640983698,-0.272789925727219,1.00174214277318,0.998171437005115,"water 4","DmOR7a_F_3"
"2","DmOR7a_ORCO_Transgene_Gal4_GCaMP7f_F_F_3","pic_3",0.226800832285231,-0.884097497219694,1.00521884808504,0.985304760069161,"water 4","DmOR7a_F_3"
"3","DmOR7a_ORCO_Transgene_Gal4_GCaMP7f_F_F_3","pic_1",0.181969607521972,-0.270852009920985,0.999805635528271,0.996632806082086,"water 4","DmOR7a_F_3"
"3","DmOR7a_ORCO_Transgene_Gal4_GCaMP7f_F_F_3","pic_2",1.24753698210999,0.374052379098954,1.00831125400194,1.00411999944058,"water 4","DmOR7a_F_3"
"3","DmOR7a_ORCO_Transgene_Gal4_GCaMP7f_F_F_3","pic_3",0.213699970557402,-0.19508749070088,1.00005891501903,0.995044028415193,"water 4","DmOR7a_F_3"
"4","DmOR7a_ORCO_Transgene_Gal4_GCaMP7f_F_F_3","pic_1",0.185080676768247,-0.146463991267246,0.999812725101929,0.995869538372789,"water 4","DmOR7a_F_3"
"4","DmOR7a_ORCO_Transgene_Gal4_GCaMP7f_F_F_3","pic_2",0.73879524888253,0.27580287843262,1.00410586711088,1.00219204736829,"water 4","DmOR7a_F_3"
"4","DmOR7a_ORCO_Transgene_Gal4_GCaMP7f_F_F_3","pic_3",0.255373524581817,0.143622273796907,1.00035773004324,0.998331852610933,"water 4","DmOR7a_F_3"
"5","DmOR7a_ORCO_Transgene_Gal4_GCaMP7f_F_F_3","pic_1",0.24768408175294,-6.27650814594163e-05,0.999849687963581,0.997092748049409,"water 4","DmOR7a_F_3"
"5","DmOR7a_ORCO_Transgene_Gal4_GCaMP7f_F_F_3","pic_2",1.37138948665459,0.459042636977594,1.0097768464798,1.00418119138751,"water 4","DmOR7a_F_3"
"5","DmOR7a_ORCO_Transgene_Gal4_GCaMP7f_F_F_3","pic_3",0.614133327657802,-0.222639118891488,1.00308701309913,0.992560409699174,"water 4","DmOR7a_F_3"
"6","DmOR7a_ORCO_Transgene_Gal4_GCaMP7f_F_F_3","pic_1",0.131499698289836,-0.127386555719589,0.999490707115589,0.997976672184011,"water 4","DmOR7a_F_3"
"6","DmOR7a_ORCO_Transgene_Gal4_GCaMP7f_F_F_3","pic_2",1.00816784826488,0.368188594529707,1.00655853327512,1.00359846212514,"water 4","DmOR7a_F_3"
"6","DmOR7a_ORCO_Transgene_Gal4_GCaMP7f_F_F_3","pic_3",0.270349238946843,-0.0407897172518199,1.00061013231168,0.996128716593186,"water 4","DmOR7a_F_3"
"7","DmOR43a_ORCO_Transgene_Gal4_GCaMP7f_F_M_3","pic_1",0.0912041374287113,-0.273263557600009,0.999715331190796,0.997374258530738,"water 4","DmOR43a_M_3"
"7","DmOR43a_ORCO_Transgene_Gal4_GCaMP7f_F_M_3","pic_2",1.23018156291818,0.407362524922032,1.00850054128634,1.00486845092796,"water 4","DmOR43a_M_3"
"7","DmOR43a_ORCO_Transgene_Gal4_GCaMP7f_F_M_3","pic_3",0.39948288107584,0.00680832642666703,1.00209316017171,0.997340331026905,"water 4","DmOR43a_M_3"
"8","DmOR43a_ORCO_Transgene_Gal4_GCaMP7f_F_M_3","pic_1",-0.0816118054914445,-0.0179479091217953,0.997981081862649,0.998645246974701,"water 4","DmOR43a_M_3"
"8","DmOR43a_ORCO_Transgene_Gal4_GCaMP7f_F_M_3","pic_2",1.08207332703296,0.356556844724059,1.00661517548758,1.00326877781758,"water 4","DmOR43a_M_3"
"8","DmOR43a_ORCO_Transgene_Gal4_GCaMP7f_F_M_3","pic_3",0.139769201082401,-0.0370064198358595,0.999623643311718,0.996209124790965,"water 4","DmOR43a_M_3"
"9","DmOR43a_ORCO_Transgene_Gal4_GCaMP7f_F_M_3","pic_1",-0.0830991127043494,-0.169694446253742,0.998110944370968,0.997482720506656,"water 4","DmOR43a_M_3"
"9","DmOR43a_ORCO_Transgene_Gal4_GCaMP7f_F_M_3","pic_2",1.59095419060758,0.656922721604989,1.01278620291738,1.00844260916185,"water 4","DmOR43a_M_3"
"9","DmOR43a_ORCO_Transgene_Gal4_GCaMP7f_F_M_3","pic_3",0.186742271631975,-0.104930905085285,1.00047645571629,0.995850819870916,"water 4","DmOR43a_M_3"
"10","DmOR43a_ORCO_Transgene_Gal4_GCaMP7f_F_M_3","pic_1",0.167339782735098,-0.273549318183757,0.999829520986769,0.99689549204664,"water 4","DmOR43a_M_3"
"10","DmOR43a_ORCO_Transgene_Gal4_GCaMP7f_F_M_3","pic_2",1.52192255298561,0.313087846628431,1.01117591090123,1.00485329389781,"water 4","DmOR43a_M_3"
"10","DmOR43a_ORCO_Transgene_Gal4_GCaMP7f_F_M_3","pic_3",0.229655541047714,-0.350922448289236,1.00035149639289,0.992852102644086,"water 4","DmOR43a_M_3"
"11","DmOR43a_ORCO_Transgene_Gal4_GCaMP7f_F_M_3","pic_1",0.0513424098519484,-0.13348598809152,0.999801381298759,0.998559301475332,"water 4","DmOR43a_M_3"
"11","DmOR43a_ORCO_Transgene_Gal4_GCaMP7f_F_M_3","pic_2",1.63939862495888,0.520928625453899,1.01278919818155,1.00706386023552,"water 4","DmOR43a_M_3"
"11","DmOR43a_ORCO_Transgene_Gal4_GCaMP7f_F_M_3","pic_3",-0.0233179916844782,-0.231769265157813,0.999190775947181,0.995963935739928,"water 4","DmOR43a_M_3"
"12","DmOR43a_ORCO_Transgene_Gal4_GCaMP7f_F_M_3","pic_1",2.6075203467376,0.0699334521914186,1.02227771161716,1.00614301692231,"water 4","DmOR43a_M_3"
"12","DmOR43a_ORCO_Transgene_Gal4_GCaMP7f_F_M_3","pic_2",0.336491114254437,0.0958105361371982,1.00195245119836,1.00206896764505,"water 4","DmOR43a_M_3"
"12","DmOR43a_ORCO_Transgene_Gal4_GCaMP7f_F_M_3","pic_3",1.23643315926293,0.0711933323832979,1.01000675369918,0.999799697741057,"water 4","DmOR43a_M_3"
"13","DmOR43b_ORCO_Transgene_Gal4_GCaMP7f_F_M_3","pic_1",-0.0619503047351872,-0.303113486484465,0.998666391506692,0.996047209205685,"water 4","DmOR43b_M_3"
"13","DmOR43b_ORCO_Transgene_Gal4_GCaMP7f_F_M_3","pic_2",0.89962721968433,0.291251088052406,1.00606901180042,1.0033097406055,"water 4","DmOR43b_M_3"
"13","DmOR43b_ORCO_Transgene_Gal4_GCaMP7f_F_M_3","pic_3",-0.0656717531177045,0.0723350376009707,0.998637742262488,0.998346325669294,"water 4","DmOR43b_M_3"
"14","DmOR43b_ORCO_Transgene_Gal4_GCaMP7f_F_M_3","pic_1",0.106880583699928,-0.186574912530154,0.999162622578082,0.996252025646208,"water 4","DmOR43b_M_3"
"14","DmOR43b_ORCO_Transgene_Gal4_GCaMP7f_F_M_3","pic_2",0.875410726543064,0.404553548229374,1.00510605889021,1.0031018928964,"water 4","DmOR43b_M_3"
"14","DmOR43b_ORCO_Transgene_Gal4_GCaMP7f_F_M_3","pic_3",0.504736063463469,0.0190504658349166,1.00223944230653,0.996780995830282,"water 4","DmOR43b_M_3"
"15","DmOR43b_ORCO_Transgene_Gal4_GCaMP7f_F_M_3","pic_1",0.168057980570943,-0.114681701030407,0.999812065107979,0.997998994164556,"water 4","DmOR43b_M_3"
"15","DmOR43b_ORCO_Transgene_Gal4_GCaMP7f_F_M_3","pic_2",1.38504283636462,0.489787747994743,1.00921963475227,1.00535770161684,"water 4","DmOR43b_M_3"
"15","DmOR43b_ORCO_Transgene_Gal4_GCaMP7f_F_M_3","pic_3",0.148041180205254,-0.209147712719339,0.99965733068988,0.994664380561687,"water 4","DmOR43b_M_3"
"16","DmOR43b_ORCO_Transgene_Gal4_GCaMP7f_F_M_3","pic_1",0.0166975800488408,-0.302499726001736,0.998775851059719,0.996859825455444,"water 4","DmOR43b_M_3"
"16","DmOR43b_ORCO_Transgene_Gal4_GCaMP7f_F_M_3","pic_2",1.34814195032695,0.381007585506138,1.00910539826675,1.00467724126986,"water 4","DmOR43b_M_3"
"16","DmOR43b_ORCO_Transgene_Gal4_GCaMP7f_F_M_3","pic_3",0.34366419069544,0.00287758452052674,1.0013125075774,0.997494988881561,"water 4","DmOR43b_M_3"
"17","DmOR43b_ORCO_Transgene_Gal4_GCaMP7f_F_M_3","pic_1",0.125047769383965,-0.19901787972123,0.999337281545641,0.996736151554612,"water 4","DmOR43b_M_3"
"17","DmOR43b_ORCO_Transgene_Gal4_GCaMP7f_F_M_3","pic_2",1.24202253538548,0.358874638373696,1.00789505117402,1.00382377830816,"water 4","DmOR43b_M_3"
"17","DmOR43b_ORCO_Transgene_Gal4_GCaMP7f_F_M_3","pic_3",0.423900564571302,-0.0288821789688979,1.00162696028491,0.995931458621592,"water 4","DmOR43b_M_3"
"18","DmOR43b_ORCO_Transgene_Gal4_GCaMP7f_F_M_3","pic_1",0.397012498041627,-0.191121101188533,1.00146506306909,0.997346511129964,"water 4","DmOR43b_M_3"
"18","DmOR43b_ORCO_Transgene_Gal4_GCaMP7f_F_M_3","pic_2",1.48049411198513,0.429722075403408,1.00983121756354,1.0049479693439,"water 4","DmOR43b_M_3"
"18","DmOR43b_ORCO_Transgene_Gal4_GCaMP7f_F_M_3","pic_3",0.370182672880283,-0.164164933609233,1.00125789530596,0.994683420113823,"water 4","DmOR43b_M_3"
